location,SPI,start_date,end_date,duration
"Albany, Gentry County, MO",-0.1,2000-06-01,2001-02-01,245 days
"Albany, Gentry County, MO",-0.1,2002-01-01,2004-03-01,790 days
"Albany, Gentry County, MO",-0.1,2004-12-01,2005-02-01,62 days
"Albany, Gentry County, MO",-0.1,2005-03-01,2005-04-01,31 days
"Albany, Gentry County, MO",-0.1,2005-05-01,2005-06-01,31 days
"Albany, Gentry County, MO",-0.1,2005-08-01,2006-04-01,243 days
"Albany, Gentry County, MO",-0.1,2006-05-01,2006-09-01,123 days
"Albany, Gentry County, MO",-0.1,2007-04-01,2007-05-01,30 days
"Albany, Gentry County, MO",-0.1,2007-07-01,2007-08-01,31 days
"Albany, Gentry County, MO",-0.1,2007-11-01,2007-12-01,30 days
"Albany, Gentry County, MO",-0.1,2010-12-01,2011-02-01,62 days
"Albany, Gentry County, MO",-0.1,2011-03-01,2012-01-01,306 days
"Albany, Gentry County, MO",-0.1,2012-06-01,2013-04-01,304 days
"Albany, Gentry County, MO",-0.1,2013-07-01,2014-07-01,365 days
"Albany, Gentry County, MO",-0.1,2015-03-01,2015-07-01,122 days
"Albany, Gentry County, MO",-0.1,2017-03-01,2017-04-01,31 days
"Albany, Gentry County, MO",-0.1,2017-12-01,2018-10-01,304 days
"Albany, Gentry County, MO",-0.1,2020-03-01,2020-05-01,61 days
"Albany, Gentry County, MO",-0.1,2020-06-01,2020-07-01,30 days
"Albany, Gentry County, MO",-0.1,2021-01-01,2021-03-01,59 days
"Albany, Gentry County, MO",-0.1,2021-05-01,2021-06-01,31 days
"Albany, Gentry County, MO",-0.1,2021-07-01,2021-11-01,123 days
"Albany, Gentry County, MO",-0.1,2021-12-01,2022-03-01,90 days
"Albany, Gentry County, MO",-0.1,2022-09-01,2023-02-01,153 days
"Albany, Gentry County, MO",-0.1,2023-05-01,2023-08-01,92 days
"Albany, Gentry County, MO",-0.1,2023-09-01,2023-11-01,61 days
"Albany, Gentry County, MO",-0.1,2024-02-01,2024-05-01,90 days
"Auxvasse, Audrain County, MO",-0.1,2000-06-01,2000-08-01,61 days
"Auxvasse, Audrain County, MO",-0.1,2001-08-01,2001-09-01,31 days
"Auxvasse, Audrain County, MO",-0.1,2001-12-01,2002-01-01,31 days
"Auxvasse, Audrain County, MO",-0.1,2002-02-01,2002-05-01,89 days
"Auxvasse, Audrain County, MO",-0.1,2002-11-01,2003-06-01,212 days
"Auxvasse, Audrain County, MO",-0.1,2003-07-01,2003-09-01,62 days
"Auxvasse, Audrain County, MO",-0.1,2003-11-01,2004-01-01,61 days
"Auxvasse, Audrain County, MO",-0.1,2004-06-01,2004-08-01,61 days
"Auxvasse, Audrain County, MO",-0.1,2005-05-01,2006-01-01,245 days
"Auxvasse, Audrain County, MO",-0.1,2006-02-01,2008-02-01,730 days
"Auxvasse, Audrain County, MO",-0.1,2009-03-01,2009-04-01,31 days
"Auxvasse, Audrain County, MO",-0.1,2011-03-01,2012-03-01,366 days
"Auxvasse, Audrain County, MO",-0.1,2012-05-01,2013-04-01,335 days
"Auxvasse, Audrain County, MO",-0.1,2013-10-01,2014-10-01,365 days
"Auxvasse, Audrain County, MO",-0.1,2015-04-01,2015-06-01,61 days
"Auxvasse, Audrain County, MO",-0.1,2016-05-01,2016-08-01,92 days
"Auxvasse, Audrain County, MO",-0.1,2017-02-01,2017-04-01,59 days
"Auxvasse, Audrain County, MO",-0.1,2017-09-01,2018-03-01,181 days
"Auxvasse, Audrain County, MO",-0.1,2018-04-01,2018-11-01,214 days
"Auxvasse, Audrain County, MO",-0.1,2020-12-01,2021-04-01,121 days
"Auxvasse, Audrain County, MO",-0.1,2022-01-01,2022-03-01,59 days
"Auxvasse, Audrain County, MO",-0.1,2022-04-01,2022-05-01,30 days
"Auxvasse, Audrain County, MO",-0.1,2022-06-01,2022-07-01,30 days
"Auxvasse, Audrain County, MO",-0.1,2022-08-01,2023-03-01,212 days
"Auxvasse, Audrain County, MO",-0.1,2023-04-01,2024-05-01,396 days
"Brunswick, Carroll County, MO",-0.1,2000-06-01,2001-02-01,245 days
"Brunswick, Carroll County, MO",-0.1,2002-03-01,2002-05-01,61 days
"Brunswick, Carroll County, MO",-0.1,2002-11-01,2003-12-01,395 days
"Brunswick, Carroll County, MO",-0.1,2004-06-01,2004-07-01,30 days
"Brunswick, Carroll County, MO",-0.1,2005-05-01,2005-06-01,31 days
"Brunswick, Carroll County, MO",-0.1,2005-07-01,2005-09-01,62 days
"Brunswick, Carroll County, MO",-0.1,2006-02-01,2006-08-01,181 days
"Brunswick, Carroll County, MO",-0.1,2006-09-01,2006-10-01,30 days
"Brunswick, Carroll County, MO",-0.1,2006-11-01,2006-12-01,30 days
"Brunswick, Carroll County, MO",-0.1,2007-02-01,2007-06-01,120 days
"Brunswick, Carroll County, MO",-0.1,2007-07-01,2008-03-01,244 days
"Brunswick, Carroll County, MO",-0.1,2011-01-01,2011-07-01,181 days
"Brunswick, Carroll County, MO",-0.1,2011-08-01,2011-12-01,122 days
"Brunswick, Carroll County, MO",-0.1,2012-01-01,2012-02-01,31 days
"Brunswick, Carroll County, MO",-0.1,2012-06-01,2013-02-01,245 days
"Brunswick, Carroll County, MO",-0.1,2013-03-01,2013-04-01,31 days
"Brunswick, Carroll County, MO",-0.1,2013-08-01,2014-10-01,426 days
"Brunswick, Carroll County, MO",-0.1,2015-04-01,2015-05-01,30 days
"Brunswick, Carroll County, MO",-0.1,2016-06-01,2016-08-01,61 days
"Brunswick, Carroll County, MO",-0.1,2017-01-01,2017-04-01,90 days
"Brunswick, Carroll County, MO",-0.1,2017-12-01,2018-03-01,90 days
"Brunswick, Carroll County, MO",-0.1,2018-04-01,2018-12-01,244 days
"Brunswick, Carroll County, MO",-0.1,2020-08-01,2021-03-01,212 days
"Brunswick, Carroll County, MO",-0.1,2021-12-01,2023-02-01,427 days
"Brunswick, Carroll County, MO",-0.1,2023-05-01,2023-12-01,214 days
"Brunswick, Carroll County, MO",-0.1,2024-02-01,2024-03-01,29 days
"Cardwell, Dunklin County, MO",-0.1,2000-06-01,2001-12-01,548 days
"Cardwell, Dunklin County, MO",-0.1,2002-06-01,2002-08-01,61 days
"Cardwell, Dunklin County, MO",-0.1,2002-09-01,2002-10-01,30 days
"Cardwell, Dunklin County, MO",-0.1,2003-01-01,2003-02-01,31 days
"Cardwell, Dunklin County, MO",-0.1,2003-03-01,2003-05-01,61 days
"Cardwell, Dunklin County, MO",-0.1,2004-02-01,2004-04-01,60 days
"Cardwell, Dunklin County, MO",-0.1,2004-05-01,2004-06-01,31 days
"Cardwell, Dunklin County, MO",-0.1,2005-05-01,2006-10-01,518 days
"Cardwell, Dunklin County, MO",-0.1,2007-04-01,2007-11-01,214 days
"Cardwell, Dunklin County, MO",-0.1,2008-07-01,2008-08-01,31 days
"Cardwell, Dunklin County, MO",-0.1,2008-09-01,2009-05-01,242 days
"Cardwell, Dunklin County, MO",-0.1,2010-04-01,2011-04-01,365 days
"Cardwell, Dunklin County, MO",-0.1,2012-05-01,2013-01-01,245 days
"Cardwell, Dunklin County, MO",-0.1,2013-03-01,2013-05-01,61 days
"Cardwell, Dunklin County, MO",-0.1,2013-11-01,2013-12-01,30 days
"Cardwell, Dunklin County, MO",-0.1,2014-02-01,2014-05-01,89 days
"Cardwell, Dunklin County, MO",-0.1,2014-12-01,2015-06-01,182 days
"Cardwell, Dunklin County, MO",-0.1,2016-10-01,2017-01-01,92 days
"Cardwell, Dunklin County, MO",-0.1,2017-02-01,2017-04-01,59 days
"Cardwell, Dunklin County, MO",-0.1,2017-10-01,2018-04-01,182 days
"Cardwell, Dunklin County, MO",-0.1,2020-07-01,2020-10-01,92 days
"Cardwell, Dunklin County, MO",-0.1,2021-04-01,2021-05-01,30 days
"Cardwell, Dunklin County, MO",-0.1,2021-11-01,2023-03-01,485 days
"Cardwell, Dunklin County, MO",-0.1,2023-09-01,2023-10-01,30 days
"Cardwell, Dunklin County, MO",-0.1,2023-12-01,2024-01-01,31 days
"Charleston, Mississippi County, MO",-0.1,2000-07-01,2001-11-01,488 days
"Charleston, Mississippi County, MO",-0.1,2002-11-01,2003-02-01,92 days
"Charleston, Mississippi County, MO",-0.1,2003-03-01,2003-06-01,92 days
"Charleston, Mississippi County, MO",-0.1,2003-12-01,2005-01-01,397 days
"Charleston, Mississippi County, MO",-0.1,2005-05-01,2006-06-01,396 days
"Charleston, Mississippi County, MO",-0.1,2006-07-01,2006-08-01,31 days
"Charleston, Mississippi County, MO",-0.1,2007-04-01,2007-06-01,61 days
"Charleston, Mississippi County, MO",-0.1,2007-07-01,2007-10-01,92 days
"Charleston, Mississippi County, MO",-0.1,2008-09-01,2009-05-01,242 days
"Charleston, Mississippi County, MO",-0.1,2009-06-01,2009-07-01,30 days
"Charleston, Mississippi County, MO",-0.1,2010-04-01,2011-04-01,365 days
"Charleston, Mississippi County, MO",-0.1,2011-10-01,2011-11-01,31 days
"Charleston, Mississippi County, MO",-0.1,2012-05-01,2013-02-01,276 days
"Charleston, Mississippi County, MO",-0.1,2013-03-01,2013-06-01,92 days
"Charleston, Mississippi County, MO",-0.1,2013-07-01,2013-09-01,62 days
"Charleston, Mississippi County, MO",-0.1,2014-03-01,2014-04-01,31 days
"Charleston, Mississippi County, MO",-0.1,2014-06-01,2014-08-01,61 days
"Charleston, Mississippi County, MO",-0.1,2014-10-01,2015-05-01,212 days
"Charleston, Mississippi County, MO",-0.1,2016-06-01,2016-07-01,30 days
"Charleston, Mississippi County, MO",-0.1,2017-01-01,2017-04-01,90 days
"Charleston, Mississippi County, MO",-0.1,2017-10-01,2018-04-01,182 days
"Charleston, Mississippi County, MO",-0.1,2021-04-01,2021-06-01,61 days
"Charleston, Mississippi County, MO",-0.1,2022-10-01,2023-03-01,151 days
"Charleston, Mississippi County, MO",-0.1,2023-07-01,2023-08-01,31 days
"Clarkton, Dunklin County, MO",-0.1,2000-09-01,2001-11-01,426 days
"Clarkton, Dunklin County, MO",-0.1,2003-01-01,2003-02-01,31 days
"Clarkton, Dunklin County, MO",-0.1,2003-03-01,2003-07-01,122 days
"Clarkton, Dunklin County, MO",-0.1,2004-01-01,2004-11-01,305 days
"Clarkton, Dunklin County, MO",-0.1,2005-05-01,2006-09-01,488 days
"Clarkton, Dunklin County, MO",-0.1,2007-04-01,2008-03-01,335 days
"Clarkton, Dunklin County, MO",-0.1,2008-06-01,2008-07-01,30 days
"Clarkton, Dunklin County, MO",-0.1,2008-09-01,2009-09-01,365 days
"Clarkton, Dunklin County, MO",-0.1,2010-04-01,2010-05-01,30 days
"Clarkton, Dunklin County, MO",-0.1,2010-06-01,2011-04-01,304 days
"Clarkton, Dunklin County, MO",-0.1,2011-10-01,2011-12-01,61 days
"Clarkton, Dunklin County, MO",-0.1,2012-05-01,2013-05-01,365 days
"Clarkton, Dunklin County, MO",-0.1,2014-02-01,2014-04-01,59 days
"Clarkton, Dunklin County, MO",-0.1,2014-11-01,2015-06-01,212 days
"Clarkton, Dunklin County, MO",-0.1,2015-09-01,2015-11-01,61 days
"Clarkton, Dunklin County, MO",-0.1,2016-06-01,2016-07-01,30 days
"Clarkton, Dunklin County, MO",-0.1,2017-01-01,2017-04-01,90 days
"Clarkton, Dunklin County, MO",-0.1,2017-10-01,2018-04-01,182 days
"Clarkton, Dunklin County, MO",-0.1,2018-08-01,2018-09-01,31 days
"Clarkton, Dunklin County, MO",-0.1,2021-04-01,2021-06-01,61 days
"Clarkton, Dunklin County, MO",-0.1,2022-10-01,2023-01-01,92 days
"Clarkton, Dunklin County, MO",-0.1,2023-09-01,2024-01-01,122 days
"Clarkton, Dunklin County, MO",-0.1,2024-02-01,2024-05-01,90 days
"Columbia-Sanborn Field, Boone County, MO",-0.1,2000-06-01,2000-08-01,61 days
"Columbia-Sanborn Field, Boone County, MO",-0.1,2002-01-01,2002-05-01,120 days
"Columbia-Sanborn Field, Boone County, MO",-0.1,2003-02-01,2003-06-01,120 days
"Columbia-Sanborn Field, Boone County, MO",-0.1,2003-07-01,2003-09-01,62 days
"Columbia-Sanborn Field, Boone County, MO",-0.1,2004-09-01,2004-10-01,30 days
"Columbia-Sanborn Field, Boone County, MO",-0.1,2005-05-01,2005-06-01,31 days
"Columbia-Sanborn Field, Boone County, MO",-0.1,2005-07-01,2005-09-01,62 days
"Columbia-Sanborn Field, Boone County, MO",-0.1,2006-02-01,2008-02-01,730 days
"Columbia-Sanborn Field, Boone County, MO",-0.1,2009-03-01,2009-04-01,31 days
"Columbia-Sanborn Field, Boone County, MO",-0.1,2011-01-01,2011-02-01,31 days
"Columbia-Sanborn Field, Boone County, MO",-0.1,2011-03-01,2011-05-01,61 days
"Columbia-Sanborn Field, Boone County, MO",-0.1,2011-06-01,2012-02-01,245 days
"Columbia-Sanborn Field, Boone County, MO",-0.1,2012-06-01,2013-04-01,304 days
"Columbia-Sanborn Field, Boone County, MO",-0.1,2013-10-01,2014-09-01,335 days
"Columbia-Sanborn Field, Boone County, MO",-0.1,2015-04-01,2015-07-01,91 days
"Columbia-Sanborn Field, Boone County, MO",-0.1,2016-05-01,2016-09-01,123 days
"Columbia-Sanborn Field, Boone County, MO",-0.1,2017-01-01,2017-04-01,90 days
"Columbia-Sanborn Field, Boone County, MO",-0.1,2017-10-01,2018-12-01,426 days
"Columbia-Sanborn Field, Boone County, MO",-0.1,2020-12-01,2021-01-01,31 days
"Columbia-Sanborn Field, Boone County, MO",-0.1,2021-02-01,2021-04-01,59 days
"Columbia-Sanborn Field, Boone County, MO",-0.1,2021-12-01,2022-03-01,90 days
"Columbia-South Farms, Boone County, MO",-0.1,2000-06-01,2000-08-01,61 days
"Columbia-South Farms, Boone County, MO",-0.1,2001-12-01,2002-05-01,151 days
"Columbia-South Farms, Boone County, MO",-0.1,2003-02-01,2003-06-01,120 days
"Columbia-South Farms, Boone County, MO",-0.1,2003-07-01,2003-09-01,62 days
"Columbia-South Farms, Boone County, MO",-0.1,2004-09-01,2004-10-01,30 days
"Columbia-South Farms, Boone County, MO",-0.1,2005-05-01,2005-06-01,31 days
"Columbia-South Farms, Boone County, MO",-0.1,2005-07-01,2005-09-01,62 days
"Columbia-South Farms, Boone County, MO",-0.1,2006-02-01,2007-03-01,393 days
"Columbia-South Farms, Boone County, MO",-0.1,2007-04-01,2008-02-01,306 days
"Columbia-South Farms, Boone County, MO",-0.1,2009-03-01,2009-04-01,31 days
"Columbia-South Farms, Boone County, MO",-0.1,2011-03-01,2011-05-01,61 days
"Columbia-South Farms, Boone County, MO",-0.1,2011-06-01,2012-03-01,274 days
"Columbia-South Farms, Boone County, MO",-0.1,2012-06-01,2013-04-01,304 days
"Columbia-South Farms, Boone County, MO",-0.1,2013-10-01,2014-09-01,335 days
"Columbia-South Farms, Boone County, MO",-0.1,2015-04-01,2015-07-01,91 days
"Columbia-South Farms, Boone County, MO",-0.1,2016-05-01,2016-09-01,123 days
"Columbia-South Farms, Boone County, MO",-0.1,2017-02-01,2017-04-01,59 days
"Columbia-South Farms, Boone County, MO",-0.1,2017-10-01,2018-12-01,426 days
"Columbia-South Farms, Boone County, MO",-0.1,2020-10-01,2020-11-01,31 days
"Columbia-South Farms, Boone County, MO",-0.1,2020-12-01,2021-04-01,121 days
"Columbia-South Farms, Boone County, MO",-0.1,2021-12-01,2022-03-01,90 days
"Columbia-South Farms, Boone County, MO",-0.1,2022-04-01,2022-05-01,30 days
"Cook Station, Crawford County, MO",-0.1,2000-06-01,2001-10-01,487 days
"Cook Station, Crawford County, MO",-0.1,2002-11-01,2003-11-01,365 days
"Cook Station, Crawford County, MO",-0.1,2003-12-01,2004-01-01,31 days
"Cook Station, Crawford County, MO",-0.1,2004-05-01,2004-11-01,184 days
"Cook Station, Crawford County, MO",-0.1,2004-12-01,2005-01-01,31 days
"Cook Station, Crawford County, MO",-0.1,2005-05-01,2005-11-01,184 days
"Cook Station, Crawford County, MO",-0.1,2006-02-01,2007-01-01,334 days
"Cook Station, Crawford County, MO",-0.1,2007-05-01,2007-06-01,31 days
"Cook Station, Crawford County, MO",-0.1,2007-07-01,2008-02-01,215 days
"Cook Station, Crawford County, MO",-0.1,2009-03-01,2009-05-01,61 days
"Cook Station, Crawford County, MO",-0.1,2010-04-01,2010-06-01,61 days
"Cook Station, Crawford County, MO",-0.1,2011-01-01,2011-02-01,31 days
"Cook Station, Crawford County, MO",-0.1,2011-03-01,2011-04-01,31 days
"Cook Station, Crawford County, MO",-0.1,2011-10-01,2011-12-01,61 days
"Cook Station, Crawford County, MO",-0.1,2012-02-01,2012-12-01,304 days
"Cook Station, Crawford County, MO",-0.1,2014-02-01,2015-06-01,485 days
"Cook Station, Crawford County, MO",-0.1,2016-06-01,2016-08-01,61 days
"Cook Station, Crawford County, MO",-0.1,2016-11-01,2016-12-01,30 days
"Cook Station, Crawford County, MO",-0.1,2017-01-01,2017-04-01,90 days
"Cook Station, Crawford County, MO",-0.1,2017-10-01,2018-03-01,151 days
"Cook Station, Crawford County, MO",-0.1,2018-08-01,2018-09-01,31 days
"Cook Station, Crawford County, MO",-0.1,2019-12-01,2020-01-01,31 days
"Cook Station, Crawford County, MO",-0.1,2021-02-01,2021-03-01,28 days
"Cook Station, Crawford County, MO",-0.1,2022-01-01,2022-02-01,31 days
"Cook Station, Crawford County, MO",-0.1,2022-11-01,2023-01-01,61 days
"Cook Station, Crawford County, MO",-0.1,2023-02-01,2023-03-01,28 days
"Cook Station, Crawford County, MO",-0.1,2023-05-01,2023-08-01,92 days
"Cook Station, Crawford County, MO",-0.1,2023-09-01,2024-05-01,243 days
"Corning, Atchison County, MO",-0.1,2000-09-01,2000-11-01,61 days
"Corning, Atchison County, MO",-0.1,2000-12-01,2001-02-01,62 days
"Corning, Atchison County, MO",-0.1,2001-05-01,2001-06-01,31 days
"Corning, Atchison County, MO",-0.1,2001-08-01,2001-10-01,61 days
"Corning, Atchison County, MO",-0.1,2001-12-01,2002-02-01,62 days
"Corning, Atchison County, MO",-0.1,2002-03-01,2003-06-01,457 days
"Corning, Atchison County, MO",-0.1,2003-07-01,2004-02-01,215 days
"Corning, Atchison County, MO",-0.1,2004-06-01,2005-04-01,304 days
"Corning, Atchison County, MO",-0.1,2006-02-01,2006-04-01,59 days
"Corning, Atchison County, MO",-0.1,2006-05-01,2006-12-01,214 days
"Corning, Atchison County, MO",-0.1,2008-08-01,2008-09-01,31 days
"Corning, Atchison County, MO",-0.1,2008-12-01,2009-02-01,62 days
"Corning, Atchison County, MO",-0.1,2009-04-01,2009-06-01,61 days
"Corning, Atchison County, MO",-0.1,2009-07-01,2009-08-01,31 days
"Corning, Atchison County, MO",-0.1,2009-09-01,2009-11-01,61 days
"Corning, Atchison County, MO",-0.1,2009-12-01,2010-01-01,31 days
"Corning, Atchison County, MO",-0.1,2011-01-01,2011-06-01,151 days
"Corning, Atchison County, MO",-0.1,2012-01-01,2012-03-01,60 days
"Corning, Atchison County, MO",-0.1,2012-06-01,2013-01-01,214 days
"Corning, Atchison County, MO",-0.1,2013-02-01,2013-04-01,59 days
"Corning, Atchison County, MO",-0.1,2013-07-01,2014-08-01,396 days
"Corning, Atchison County, MO",-0.1,2015-03-01,2015-05-01,61 days
"Corning, Atchison County, MO",-0.1,2016-06-01,2016-07-01,30 days
"Corning, Atchison County, MO",-0.1,2016-11-01,2016-12-01,30 days
"Corning, Atchison County, MO",-0.1,2017-02-01,2017-04-01,59 days
"Corning, Atchison County, MO",-0.1,2017-07-01,2018-10-01,457 days
"Corning, Atchison County, MO",-0.1,2020-03-01,2020-07-01,122 days
"Corning, Atchison County, MO",-0.1,2020-08-01,2021-03-01,212 days
"Corning, Atchison County, MO",-0.1,2021-09-01,2021-10-01,30 days
"Corning, Atchison County, MO",-0.1,2021-12-01,2022-06-01,182 days
"Corning, Atchison County, MO",-0.1,2022-08-01,2023-02-01,184 days
"Corning, Atchison County, MO",-0.1,2023-06-01,2023-07-01,30 days
"Corning, Atchison County, MO",-0.1,2023-08-01,2023-10-01,61 days
"Corning, Atchison County, MO",-0.1,2024-01-01,2024-04-01,91 days
"Delta, Cape Girardeau County, MO",-0.1,2000-06-01,2001-12-01,548 days
"Delta, Cape Girardeau County, MO",-0.1,2002-11-01,2003-08-01,273 days
"Delta, Cape Girardeau County, MO",-0.1,2004-02-01,2005-01-01,335 days
"Delta, Cape Girardeau County, MO",-0.1,2005-04-01,2005-11-01,214 days
"Delta, Cape Girardeau County, MO",-0.1,2005-12-01,2006-03-01,90 days
"Delta, Cape Girardeau County, MO",-0.1,2006-05-01,2006-06-01,31 days
"Delta, Cape Girardeau County, MO",-0.1,2007-04-01,2008-02-01,306 days
"Delta, Cape Girardeau County, MO",-0.1,2008-10-01,2009-10-01,365 days
"Delta, Cape Girardeau County, MO",-0.1,2010-04-01,2011-04-01,365 days
"Delta, Cape Girardeau County, MO",-0.1,2012-05-01,2013-02-01,276 days
"Delta, Cape Girardeau County, MO",-0.1,2013-03-01,2013-06-01,92 days
"Delta, Cape Girardeau County, MO",-0.1,2013-12-01,2014-01-01,31 days
"Delta, Cape Girardeau County, MO",-0.1,2014-02-01,2014-04-01,59 days
"Delta, Cape Girardeau County, MO",-0.1,2014-06-01,2014-08-01,61 days
"Delta, Cape Girardeau County, MO",-0.1,2014-11-01,2015-03-01,120 days
"Delta, Cape Girardeau County, MO",-0.1,2015-04-01,2015-05-01,30 days
"Delta, Cape Girardeau County, MO",-0.1,2015-09-01,2015-11-01,61 days
"Delta, Cape Girardeau County, MO",-0.1,2017-02-01,2017-04-01,59 days
"Delta, Cape Girardeau County, MO",-0.1,2017-10-01,2018-03-01,151 days
"Delta, Cape Girardeau County, MO",-0.1,2021-02-01,2021-06-01,120 days
"Delta, Cape Girardeau County, MO",-0.1,2022-01-01,2022-02-01,31 days
"Delta, Cape Girardeau County, MO",-0.1,2022-07-01,2023-03-01,243 days
"Glennonville, Dunklin County, MO",-0.1,2000-07-01,2001-11-01,488 days
"Glennonville, Dunklin County, MO",-0.1,2002-09-01,2003-09-01,365 days
"Glennonville, Dunklin County, MO",-0.1,2003-10-01,2003-11-01,31 days
"Glennonville, Dunklin County, MO",-0.1,2004-01-01,2004-11-01,305 days
"Glennonville, Dunklin County, MO",-0.1,2005-05-01,2006-09-01,488 days
"Glennonville, Dunklin County, MO",-0.1,2007-04-01,2008-02-01,306 days
"Glennonville, Dunklin County, MO",-0.1,2008-09-01,2009-05-01,242 days
"Glennonville, Dunklin County, MO",-0.1,2010-04-01,2010-05-01,30 days
"Glennonville, Dunklin County, MO",-0.1,2010-06-01,2011-04-01,304 days
"Glennonville, Dunklin County, MO",-0.1,2012-05-01,2013-02-01,276 days
"Glennonville, Dunklin County, MO",-0.1,2013-03-01,2013-05-01,61 days
"Glennonville, Dunklin County, MO",-0.1,2014-02-01,2014-04-01,59 days
"Glennonville, Dunklin County, MO",-0.1,2014-11-01,2015-05-01,181 days
"Glennonville, Dunklin County, MO",-0.1,2016-06-01,2016-07-01,30 days
"Glennonville, Dunklin County, MO",-0.1,2016-11-01,2017-04-01,151 days
"Glennonville, Dunklin County, MO",-0.1,2017-10-01,2018-04-01,182 days
"Glennonville, Dunklin County, MO",-0.1,2018-08-01,2018-09-01,31 days
"Glennonville, Dunklin County, MO",-0.1,2021-04-01,2021-06-01,61 days
"Glennonville, Dunklin County, MO",-0.1,2021-12-01,2022-01-01,31 days
"Glennonville, Dunklin County, MO",-0.1,2022-07-01,2022-08-01,31 days
"Glennonville, Dunklin County, MO",-0.1,2022-10-01,2023-01-01,92 days
"Glennonville, Dunklin County, MO",-0.1,2023-07-01,2024-01-01,184 days
"Hayward, Pemiscot County, MO",-0.1,2000-10-01,2001-11-01,396 days
"Hayward, Pemiscot County, MO",-0.1,2002-06-01,2002-10-01,122 days
"Hayward, Pemiscot County, MO",-0.1,2002-11-01,2003-06-01,212 days
"Hayward, Pemiscot County, MO",-0.1,2004-02-01,2004-07-01,151 days
"Hayward, Pemiscot County, MO",-0.1,2005-02-01,2005-03-01,28 days
"Hayward, Pemiscot County, MO",-0.1,2005-05-01,2006-09-01,488 days
"Hayward, Pemiscot County, MO",-0.1,2007-03-01,2007-10-01,214 days
"Hayward, Pemiscot County, MO",-0.1,2008-09-01,2009-05-01,242 days
"Hayward, Pemiscot County, MO",-0.1,2010-04-01,2010-05-01,30 days
"Hayward, Pemiscot County, MO",-0.1,2010-06-01,2011-04-01,304 days
"Hayward, Pemiscot County, MO",-0.1,2011-10-01,2011-11-01,31 days
"Hayward, Pemiscot County, MO",-0.1,2012-05-01,2013-01-01,245 days
"Hayward, Pemiscot County, MO",-0.1,2013-03-01,2013-05-01,61 days
"Hayward, Pemiscot County, MO",-0.1,2014-02-01,2014-04-01,59 days
"Hayward, Pemiscot County, MO",-0.1,2014-10-01,2015-06-01,243 days
"Hayward, Pemiscot County, MO",-0.1,2015-09-01,2015-11-01,61 days
"Hayward, Pemiscot County, MO",-0.1,2016-06-01,2016-08-01,61 days
"Hayward, Pemiscot County, MO",-0.1,2016-09-01,2017-04-01,212 days
"Hayward, Pemiscot County, MO",-0.1,2017-12-01,2018-02-01,62 days
"Hayward, Pemiscot County, MO",-0.1,2021-04-01,2021-10-01,183 days
"Hayward, Pemiscot County, MO",-0.1,2022-10-01,2023-03-01,151 days
"Hayward, Pemiscot County, MO",-0.1,2023-09-01,2023-10-01,30 days
"Hayward, Pemiscot County, MO",-0.1,2023-12-01,2024-01-01,31 days
"Lamar, Barton County, MO",-0.1,2000-06-01,2000-07-01,30 days
"Lamar, Barton County, MO",-0.1,2000-12-01,2001-02-01,62 days
"Lamar, Barton County, MO",-0.1,2001-08-01,2001-10-01,61 days
"Lamar, Barton County, MO",-0.1,2002-04-01,2002-05-01,30 days
"Lamar, Barton County, MO",-0.1,2002-07-01,2003-12-01,518 days
"Lamar, Barton County, MO",-0.1,2004-09-01,2004-11-01,61 days
"Lamar, Barton County, MO",-0.1,2005-05-01,2007-03-01,669 days
"Lamar, Barton County, MO",-0.1,2007-12-01,2008-02-01,62 days
"Lamar, Barton County, MO",-0.1,2009-03-01,2009-07-01,122 days
"Lamar, Barton County, MO",-0.1,2010-04-01,2010-09-01,153 days
"Lamar, Barton County, MO",-0.1,2011-01-01,2011-02-01,31 days
"Lamar, Barton County, MO",-0.1,2011-03-01,2011-04-01,31 days
"Lamar, Barton County, MO",-0.1,2011-05-01,2011-12-01,214 days
"Lamar, Barton County, MO",-0.1,2012-01-01,2012-02-01,31 days
"Lamar, Barton County, MO",-0.1,2012-10-01,2012-11-01,31 days
"Lamar, Barton County, MO",-0.1,2013-12-01,2015-08-01,608 days
"Lamar, Barton County, MO",-0.1,2016-06-01,2016-07-01,30 days
"Lamar, Barton County, MO",-0.1,2017-03-01,2017-04-01,31 days
"Lamar, Barton County, MO",-0.1,2018-02-01,2018-12-01,303 days
"Lamar, Barton County, MO",-0.1,2020-09-01,2021-01-01,122 days
"Lamar, Barton County, MO",-0.1,2022-01-01,2022-03-01,59 days
"Lamar, Barton County, MO",-0.1,2022-04-01,2022-05-01,30 days
"Lamar, Barton County, MO",-0.1,2022-07-01,2023-03-01,243 days
"Lamar, Barton County, MO",-0.1,2023-04-01,2023-12-01,244 days
"Lamar, Barton County, MO",-0.1,2024-02-01,2024-04-01,60 days
"Linneus, Linn County, MO",-0.1,2000-06-01,2000-11-01,153 days
"Linneus, Linn County, MO",-0.1,2000-12-01,2001-01-01,31 days
"Linneus, Linn County, MO",-0.1,2001-12-01,2002-02-01,62 days
"Linneus, Linn County, MO",-0.1,2002-03-01,2002-05-01,61 days
"Linneus, Linn County, MO",-0.1,2002-11-01,2004-01-01,426 days
"Linneus, Linn County, MO",-0.1,2004-02-01,2004-03-01,29 days
"Linneus, Linn County, MO",-0.1,2005-05-01,2007-03-01,669 days
"Linneus, Linn County, MO",-0.1,2007-07-01,2008-02-01,215 days
"Linneus, Linn County, MO",-0.1,2011-01-01,2011-02-01,31 days
"Linneus, Linn County, MO",-0.1,2011-03-01,2012-02-01,337 days
"Linneus, Linn County, MO",-0.1,2012-05-01,2013-02-01,276 days
"Linneus, Linn County, MO",-0.1,2013-03-01,2013-04-01,31 days
"Linneus, Linn County, MO",-0.1,2013-08-01,2014-09-01,396 days
"Linneus, Linn County, MO",-0.1,2015-03-01,2015-06-01,92 days
"Linneus, Linn County, MO",-0.1,2016-05-01,2016-11-01,184 days
"Linneus, Linn County, MO",-0.1,2016-12-01,2017-01-01,31 days
"Linneus, Linn County, MO",-0.1,2017-02-01,2017-04-01,59 days
"Linneus, Linn County, MO",-0.1,2017-05-01,2017-06-01,31 days
"Linneus, Linn County, MO",-0.1,2017-09-01,2018-12-01,456 days
"Linneus, Linn County, MO",-0.1,2020-04-01,2020-05-01,30 days
"Linneus, Linn County, MO",-0.1,2020-08-01,2020-09-01,31 days
"Linneus, Linn County, MO",-0.1,2020-10-01,2021-02-01,123 days
"Linneus, Linn County, MO",-0.1,2021-03-01,2021-04-01,31 days
"Linneus, Linn County, MO",-0.1,2021-12-01,2022-03-01,90 days
"Linneus, Linn County, MO",-0.1,2022-04-01,2022-05-01,30 days
"Linneus, Linn County, MO",-0.1,2023-01-01,2023-02-01,31 days
"Linneus, Linn County, MO",-0.1,2023-05-01,2023-12-01,214 days
"Linneus, Linn County, MO",-0.1,2024-02-01,2024-04-01,60 days
"Monroe City, Monroe County, MO",-0.1,2000-08-01,2001-02-01,184 days
"Monroe City, Monroe County, MO",-0.1,2002-10-01,2004-01-01,457 days
"Monroe City, Monroe County, MO",-0.1,2004-02-01,2004-08-01,182 days
"Monroe City, Monroe County, MO",-0.1,2004-09-01,2004-10-01,30 days
"Monroe City, Monroe County, MO",-0.1,2005-05-01,2007-02-01,641 days
"Monroe City, Monroe County, MO",-0.1,2007-05-01,2007-06-01,31 days
"Monroe City, Monroe County, MO",-0.1,2007-07-01,2008-01-01,184 days
"Monroe City, Monroe County, MO",-0.1,2011-03-01,2012-03-01,366 days
"Monroe City, Monroe County, MO",-0.1,2012-05-01,2013-02-01,276 days
"Monroe City, Monroe County, MO",-0.1,2013-11-01,2014-08-01,273 days
"Monroe City, Monroe County, MO",-0.1,2015-04-01,2015-06-01,61 days
"Monroe City, Monroe County, MO",-0.1,2016-05-01,2016-08-01,92 days
"Monroe City, Monroe County, MO",-0.1,2017-01-01,2017-04-01,90 days
"Monroe City, Monroe County, MO",-0.1,2017-11-01,2018-06-01,212 days
"Monroe City, Monroe County, MO",-0.1,2020-08-01,2021-04-01,243 days
"Monroe City, Monroe County, MO",-0.1,2021-12-01,2022-03-01,90 days
"Monroe City, Monroe County, MO",-0.1,2022-04-01,2022-05-01,30 days
"Monroe City, Monroe County, MO",-0.1,2023-01-01,2023-02-01,31 days
"Monroe City, Monroe County, MO",-0.1,2023-04-01,2024-04-01,366 days
"Novelty, Knox County, MO",-0.1,2000-06-01,2000-11-01,153 days
"Novelty, Knox County, MO",-0.1,2000-12-01,2001-02-01,62 days
"Novelty, Knox County, MO",-0.1,2001-11-01,2002-02-01,92 days
"Novelty, Knox County, MO",-0.1,2002-03-01,2002-05-01,61 days
"Novelty, Knox County, MO",-0.1,2002-10-01,2003-08-01,304 days
"Novelty, Knox County, MO",-0.1,2004-06-01,2004-08-01,61 days
"Novelty, Knox County, MO",-0.1,2004-09-01,2004-10-01,30 days
"Novelty, Knox County, MO",-0.1,2005-05-01,2006-12-01,579 days
"Novelty, Knox County, MO",-0.1,2007-02-01,2007-03-01,28 days
"Novelty, Knox County, MO",-0.1,2007-08-01,2008-02-01,184 days
"Novelty, Knox County, MO",-0.1,2011-01-01,2011-02-01,31 days
"Novelty, Knox County, MO",-0.1,2011-03-01,2011-06-01,92 days
"Novelty, Knox County, MO",-0.1,2011-08-01,2012-02-01,184 days
"Novelty, Knox County, MO",-0.1,2012-05-01,2013-01-01,245 days
"Novelty, Knox County, MO",-0.1,2013-11-01,2014-09-01,304 days
"Novelty, Knox County, MO",-0.1,2015-03-01,2015-06-01,92 days
"Novelty, Knox County, MO",-0.1,2016-05-01,2016-12-01,214 days
"Novelty, Knox County, MO",-0.1,2017-02-01,2017-04-01,59 days
"Novelty, Knox County, MO",-0.1,2017-05-01,2017-06-01,31 days
"Novelty, Knox County, MO",-0.1,2017-07-01,2017-08-01,31 days
"Novelty, Knox County, MO",-0.1,2017-09-01,2017-11-01,61 days
"Novelty, Knox County, MO",-0.1,2017-12-01,2018-01-01,31 days
"Novelty, Knox County, MO",-0.1,2018-04-01,2018-12-01,244 days
"Novelty, Knox County, MO",-0.1,2020-04-01,2021-03-01,334 days
"Novelty, Knox County, MO",-0.1,2022-01-01,2022-03-01,59 days
"Novelty, Knox County, MO",-0.1,2022-04-01,2023-02-01,306 days
"Novelty, Knox County, MO",-0.1,2023-05-01,2024-04-01,336 days
"Portageville, Pemiscot County, MO",-0.1,2000-10-01,2001-11-01,396 days
"Portageville, Pemiscot County, MO",-0.1,2002-06-01,2003-07-01,395 days
"Portageville, Pemiscot County, MO",-0.1,2003-12-01,2004-06-01,183 days
"Portageville, Pemiscot County, MO",-0.1,2005-05-01,2006-09-01,488 days
"Portageville, Pemiscot County, MO",-0.1,2007-04-01,2007-11-01,214 days
"Portageville, Pemiscot County, MO",-0.1,2008-09-01,2009-05-01,242 days
"Portageville, Pemiscot County, MO",-0.1,2010-04-01,2010-05-01,30 days
"Portageville, Pemiscot County, MO",-0.1,2010-06-01,2011-04-01,304 days
"Portageville, Pemiscot County, MO",-0.1,2011-10-01,2011-11-01,31 days
"Portageville, Pemiscot County, MO",-0.1,2012-05-01,2013-05-01,365 days
"Portageville, Pemiscot County, MO",-0.1,2014-02-01,2014-04-01,59 days
"Portageville, Pemiscot County, MO",-0.1,2014-12-01,2015-06-01,182 days
"Portageville, Pemiscot County, MO",-0.1,2015-09-01,2015-11-01,61 days
"Portageville, Pemiscot County, MO",-0.1,2016-10-01,2017-04-01,182 days
"Portageville, Pemiscot County, MO",-0.1,2017-10-01,2018-02-01,123 days
"Portageville, Pemiscot County, MO",-0.1,2018-08-01,2018-09-01,31 days
"Portageville, Pemiscot County, MO",-0.1,2021-04-01,2021-10-01,183 days
"Portageville, Pemiscot County, MO",-0.1,2022-10-01,2023-03-01,151 days
"St. Joseph, Buchanan County, MO",-0.1,2000-06-01,2000-11-01,153 days
"St. Joseph, Buchanan County, MO",-0.1,2002-01-01,2004-04-01,821 days
"St. Joseph, Buchanan County, MO",-0.1,2006-02-01,2006-03-01,28 days
"St. Joseph, Buchanan County, MO",-0.1,2006-05-01,2006-12-01,214 days
"St. Joseph, Buchanan County, MO",-0.1,2007-02-01,2007-03-01,28 days
"St. Joseph, Buchanan County, MO",-0.1,2007-06-01,2007-08-01,61 days
"St. Joseph, Buchanan County, MO",-0.1,2007-11-01,2007-12-01,30 days
"St. Joseph, Buchanan County, MO",-0.1,2011-01-01,2011-08-01,212 days
"St. Joseph, Buchanan County, MO",-0.1,2011-10-01,2011-11-01,31 days
"St. Joseph, Buchanan County, MO",-0.1,2012-06-01,2013-04-01,304 days
"St. Joseph, Buchanan County, MO",-0.1,2013-07-01,2014-02-01,215 days
"St. Joseph, Buchanan County, MO",-0.1,2014-03-01,2014-06-01,92 days
"St. Joseph, Buchanan County, MO",-0.1,2015-04-01,2015-05-01,30 days
"St. Joseph, Buchanan County, MO",-0.1,2016-01-01,2016-02-01,31 days
"St. Joseph, Buchanan County, MO",-0.1,2017-03-01,2017-04-01,31 days
"St. Joseph, Buchanan County, MO",-0.1,2017-06-01,2018-10-01,487 days
"St. Joseph, Buchanan County, MO",-0.1,2020-04-01,2020-07-01,91 days
"St. Joseph, Buchanan County, MO",-0.1,2021-01-01,2021-04-01,90 days
"St. Joseph, Buchanan County, MO",-0.1,2021-09-01,2021-10-01,30 days
"St. Joseph, Buchanan County, MO",-0.1,2021-12-01,2022-03-01,90 days
"St. Joseph, Buchanan County, MO",-0.1,2022-04-01,2022-07-01,91 days
"St. Joseph, Buchanan County, MO",-0.1,2022-08-01,2022-12-01,122 days
"St. Joseph, Buchanan County, MO",-0.1,2023-01-01,2023-02-01,31 days
"St. Joseph, Buchanan County, MO",-0.1,2023-05-01,2023-12-01,214 days
"St. Joseph, Buchanan County, MO",-0.1,2024-02-01,2024-03-01,29 days
