location,SPI,start_date,end_date,duration
"Albany, Gentry County, MO",-1.6,2000-08-01,2000-09-01,31 days
"Albany, Gentry County, MO",-1.6,2002-03-01,2002-04-01,31 days
"Albany, Gentry County, MO",-1.6,2002-11-01,2003-01-01,61 days
"Albany, Gentry County, MO",-1.6,2003-02-01,2003-04-01,59 days
"Albany, Gentry County, MO",-1.6,2003-12-01,2004-01-01,31 days
"Albany, Gentry County, MO",-1.6,2011-03-01,2011-04-01,31 days
"Albany, Gentry County, MO",-1.6,2012-09-01,2012-12-01,91 days
"Albany, Gentry County, MO",-1.6,2014-05-01,2014-06-01,31 days
"Albany, Gentry County, MO",-1.6,2015-04-01,2015-05-01,30 days
"Albany, Gentry County, MO",-1.6,2018-04-01,2018-09-01,153 days
"Auxvasse, Audrain County, MO",-1.6,2005-07-01,2005-09-01,62 days
"Auxvasse, Audrain County, MO",-1.6,2012-10-01,2012-11-01,31 days
"Auxvasse, Audrain County, MO",-1.6,2014-03-01,2014-04-01,31 days
"Auxvasse, Audrain County, MO",-1.6,2015-04-01,2015-05-01,30 days
"Auxvasse, Audrain County, MO",-1.6,2016-06-01,2016-07-01,30 days
"Auxvasse, Audrain County, MO",-1.6,2017-03-01,2017-04-01,31 days
"Auxvasse, Audrain County, MO",-1.6,2018-01-01,2018-02-01,31 days
"Auxvasse, Audrain County, MO",-1.6,2023-05-01,2023-10-01,153 days
"Brunswick, Carroll County, MO",-1.6,2003-02-01,2003-04-01,59 days
"Brunswick, Carroll County, MO",-1.6,2011-03-01,2011-04-01,31 days
"Brunswick, Carroll County, MO",-1.6,2012-08-01,2012-09-01,31 days
"Brunswick, Carroll County, MO",-1.6,2012-10-01,2012-12-01,61 days
"Brunswick, Carroll County, MO",-1.6,2013-11-01,2014-02-01,92 days
"Brunswick, Carroll County, MO",-1.6,2014-03-01,2014-04-01,31 days
"Brunswick, Carroll County, MO",-1.6,2014-05-01,2014-06-01,31 days
"Brunswick, Carroll County, MO",-1.6,2018-04-01,2018-07-01,91 days
"Brunswick, Carroll County, MO",-1.6,2022-01-01,2022-03-01,59 days
"Brunswick, Carroll County, MO",-1.6,2022-09-01,2022-11-01,61 days
"Brunswick, Carroll County, MO",-1.6,2023-06-01,2023-11-01,153 days
"Cardwell, Dunklin County, MO",-1.6,2000-12-01,2001-02-01,62 days
"Cardwell, Dunklin County, MO",-1.6,2001-05-01,2001-06-01,31 days
"Cardwell, Dunklin County, MO",-1.6,2001-08-01,2001-10-01,61 days
"Cardwell, Dunklin County, MO",-1.6,2005-10-01,2005-11-01,31 days
"Cardwell, Dunklin County, MO",-1.6,2006-02-01,2006-06-01,120 days
"Cardwell, Dunklin County, MO",-1.6,2007-07-01,2007-09-01,62 days
"Cardwell, Dunklin County, MO",-1.6,2008-11-01,2008-12-01,30 days
"Cardwell, Dunklin County, MO",-1.6,2010-06-01,2010-07-01,30 days
"Cardwell, Dunklin County, MO",-1.6,2010-10-01,2010-11-01,31 days
"Cardwell, Dunklin County, MO",-1.6,2011-01-01,2011-02-01,31 days
"Cardwell, Dunklin County, MO",-1.6,2012-06-01,2012-09-01,92 days
"Cardwell, Dunklin County, MO",-1.6,2018-01-01,2018-02-01,31 days
"Cardwell, Dunklin County, MO",-1.6,2022-11-01,2022-12-01,30 days
"Charleston, Mississippi County, MO",-1.6,2001-01-01,2001-02-01,31 days
"Charleston, Mississippi County, MO",-1.6,2001-04-01,2001-07-01,91 days
"Charleston, Mississippi County, MO",-1.6,2004-05-01,2004-10-01,153 days
"Charleston, Mississippi County, MO",-1.6,2006-02-01,2006-03-01,28 days
"Charleston, Mississippi County, MO",-1.6,2008-11-01,2008-12-01,30 days
"Charleston, Mississippi County, MO",-1.6,2012-06-01,2012-10-01,122 days
"Charleston, Mississippi County, MO",-1.6,2017-02-01,2017-03-01,28 days
"Charleston, Mississippi County, MO",-1.6,2017-12-01,2018-02-01,62 days
"Charleston, Mississippi County, MO",-1.6,2022-11-01,2023-01-01,61 days
"Charleston, Mississippi County, MO",-1.6,2024-04-01,2024-05-01,30 days
"Clarkton, Dunklin County, MO",-1.6,2001-05-01,2001-06-01,31 days
"Clarkton, Dunklin County, MO",-1.6,2001-08-01,2001-09-01,31 days
"Clarkton, Dunklin County, MO",-1.6,2005-05-01,2005-06-01,31 days
"Clarkton, Dunklin County, MO",-1.6,2006-02-01,2006-03-01,28 days
"Clarkton, Dunklin County, MO",-1.6,2007-07-01,2007-10-01,92 days
"Clarkton, Dunklin County, MO",-1.6,2010-10-01,2011-02-01,123 days
"Clarkton, Dunklin County, MO",-1.6,2012-06-01,2012-10-01,122 days
"Clarkton, Dunklin County, MO",-1.6,2024-04-01,2024-05-01,30 days
"Columbia-Sanborn Field, Boone County, MO",-1.6,2006-04-01,2006-06-01,61 days
"Columbia-Sanborn Field, Boone County, MO",-1.6,2012-09-01,2013-01-01,122 days
"Columbia-Sanborn Field, Boone County, MO",-1.6,2014-03-01,2014-04-01,31 days
"Columbia-Sanborn Field, Boone County, MO",-1.6,2016-06-01,2016-07-01,30 days
"Columbia-Sanborn Field, Boone County, MO",-1.6,2017-03-01,2017-04-01,31 days
"Columbia-Sanborn Field, Boone County, MO",-1.6,2018-04-01,2018-05-01,30 days
"Columbia-Sanborn Field, Boone County, MO",-1.6,2018-09-01,2018-10-01,30 days
"Columbia-Sanborn Field, Boone County, MO",-1.6,2022-11-01,2022-12-01,30 days
"Columbia-Sanborn Field, Boone County, MO",-1.6,2023-05-01,2023-10-01,153 days
"Columbia-Sanborn Field, Boone County, MO",-1.6,2024-02-01,2024-03-01,29 days
"Columbia-South Farms, Boone County, MO",-1.6,2005-07-01,2005-08-01,31 days
"Columbia-South Farms, Boone County, MO",-1.6,2012-09-01,2013-01-01,122 days
"Columbia-South Farms, Boone County, MO",-1.6,2013-11-01,2013-12-01,30 days
"Columbia-South Farms, Boone County, MO",-1.6,2014-01-01,2014-04-01,90 days
"Columbia-South Farms, Boone County, MO",-1.6,2015-04-01,2015-05-01,30 days
"Columbia-South Farms, Boone County, MO",-1.6,2016-06-01,2016-07-01,30 days
"Columbia-South Farms, Boone County, MO",-1.6,2017-03-01,2017-04-01,31 days
"Columbia-South Farms, Boone County, MO",-1.6,2018-04-01,2018-06-01,61 days
"Columbia-South Farms, Boone County, MO",-1.6,2018-08-01,2018-10-01,61 days
"Columbia-South Farms, Boone County, MO",-1.6,2023-05-01,2023-07-01,61 days
"Cook Station, Crawford County, MO",-1.6,2000-06-01,2000-07-01,30 days
"Cook Station, Crawford County, MO",-1.6,2000-09-01,2000-10-01,30 days
"Cook Station, Crawford County, MO",-1.6,2003-04-01,2003-05-01,30 days
"Cook Station, Crawford County, MO",-1.6,2012-05-01,2012-10-01,153 days
"Cook Station, Crawford County, MO",-1.6,2014-03-01,2014-06-01,92 days
"Cook Station, Crawford County, MO",-1.6,2014-07-01,2015-01-01,184 days
"Cook Station, Crawford County, MO",-1.6,2015-04-01,2015-05-01,30 days
"Cook Station, Crawford County, MO",-1.6,2017-02-01,2017-04-01,59 days
"Cook Station, Crawford County, MO",-1.6,2017-11-01,2018-02-01,92 days
"Corning, Atchison County, MO",-1.6,2002-06-01,2002-09-01,92 days
"Corning, Atchison County, MO",-1.6,2003-10-01,2003-11-01,31 days
"Corning, Atchison County, MO",-1.6,2004-11-01,2005-02-01,92 days
"Corning, Atchison County, MO",-1.6,2006-07-01,2006-08-01,31 days
"Corning, Atchison County, MO",-1.6,2011-03-01,2011-04-01,31 days
"Corning, Atchison County, MO",-1.6,2013-11-01,2014-01-01,61 days
"Corning, Atchison County, MO",-1.6,2014-03-01,2014-06-01,92 days
"Corning, Atchison County, MO",-1.6,2018-04-01,2018-09-01,153 days
"Corning, Atchison County, MO",-1.6,2022-12-01,2023-01-01,31 days
"Delta, Cape Girardeau County, MO",-1.6,2001-05-01,2001-07-01,61 days
"Delta, Cape Girardeau County, MO",-1.6,2007-08-01,2007-10-01,61 days
"Delta, Cape Girardeau County, MO",-1.6,2010-10-01,2010-11-01,31 days
"Delta, Cape Girardeau County, MO",-1.6,2011-01-01,2011-02-01,31 days
"Delta, Cape Girardeau County, MO",-1.6,2012-06-01,2012-10-01,122 days
"Delta, Cape Girardeau County, MO",-1.6,2017-11-01,2018-02-01,92 days
"Delta, Cape Girardeau County, MO",-1.6,2022-10-01,2023-01-01,92 days
"Delta, Cape Girardeau County, MO",-1.6,2024-02-01,2024-05-01,90 days
"Glennonville, Dunklin County, MO",-1.6,2001-05-01,2001-06-01,31 days
"Glennonville, Dunklin County, MO",-1.6,2001-08-01,2001-10-01,61 days
"Glennonville, Dunklin County, MO",-1.6,2004-05-01,2004-06-01,31 days
"Glennonville, Dunklin County, MO",-1.6,2006-03-01,2006-06-01,92 days
"Glennonville, Dunklin County, MO",-1.6,2007-08-01,2007-09-01,31 days
"Glennonville, Dunklin County, MO",-1.6,2009-03-01,2009-04-01,31 days
"Glennonville, Dunklin County, MO",-1.6,2010-10-01,2011-03-01,151 days
"Glennonville, Dunklin County, MO",-1.6,2012-06-01,2012-10-01,122 days
"Hayward, Pemiscot County, MO",-1.6,2001-05-01,2001-07-01,61 days
"Hayward, Pemiscot County, MO",-1.6,2001-08-01,2001-10-01,61 days
"Hayward, Pemiscot County, MO",-1.6,2006-02-01,2006-05-01,89 days
"Hayward, Pemiscot County, MO",-1.6,2007-06-01,2007-09-01,92 days
"Hayward, Pemiscot County, MO",-1.6,2010-10-01,2011-02-01,123 days
"Hayward, Pemiscot County, MO",-1.6,2012-06-01,2012-10-01,122 days
"Hayward, Pemiscot County, MO",-1.6,2015-01-01,2015-02-01,31 days
"Hayward, Pemiscot County, MO",-1.6,2017-02-01,2017-03-01,28 days
"Hayward, Pemiscot County, MO",-1.6,2024-04-01,2024-05-01,30 days
"Lamar, Barton County, MO",-1.6,2002-11-01,2003-03-01,120 days
"Lamar, Barton County, MO",-1.6,2005-12-01,2006-01-01,31 days
"Lamar, Barton County, MO",-1.6,2006-02-01,2006-04-01,59 days
"Lamar, Barton County, MO",-1.6,2006-11-01,2006-12-01,30 days
"Lamar, Barton County, MO",-1.6,2014-04-01,2014-10-01,183 days
"Linneus, Linn County, MO",-1.6,2003-02-01,2003-05-01,89 days
"Linneus, Linn County, MO",-1.6,2005-12-01,2006-01-01,31 days
"Linneus, Linn County, MO",-1.6,2011-03-01,2011-04-01,31 days
"Linneus, Linn County, MO",-1.6,2013-11-01,2014-02-01,92 days
"Linneus, Linn County, MO",-1.6,2014-05-01,2014-06-01,31 days
"Linneus, Linn County, MO",-1.6,2018-04-01,2018-05-01,30 days
"Linneus, Linn County, MO",-1.6,2018-07-01,2018-09-01,62 days
"Linneus, Linn County, MO",-1.6,2023-07-01,2023-08-01,31 days
"Monroe City, Monroe County, MO",-1.6,2003-01-01,2003-03-01,59 days
"Monroe City, Monroe County, MO",-1.6,2003-04-01,2003-05-01,30 days
"Monroe City, Monroe County, MO",-1.6,2004-06-01,2004-07-01,30 days
"Monroe City, Monroe County, MO",-1.6,2005-07-01,2005-09-01,62 days
"Monroe City, Monroe County, MO",-1.6,2011-03-01,2011-05-01,61 days
"Monroe City, Monroe County, MO",-1.6,2011-08-01,2011-11-01,92 days
"Monroe City, Monroe County, MO",-1.6,2012-06-01,2012-07-01,30 days
"Monroe City, Monroe County, MO",-1.6,2012-08-01,2012-09-01,31 days
"Monroe City, Monroe County, MO",-1.6,2015-04-01,2015-05-01,30 days
"Monroe City, Monroe County, MO",-1.6,2016-06-01,2016-07-01,30 days
"Monroe City, Monroe County, MO",-1.6,2023-11-01,2023-12-01,30 days
"Monroe City, Monroe County, MO",-1.6,2024-02-01,2024-03-01,29 days
"Novelty, Knox County, MO",-1.6,2003-01-01,2003-04-01,90 days
"Novelty, Knox County, MO",-1.6,2011-03-01,2011-04-01,31 days
"Novelty, Knox County, MO",-1.6,2014-04-01,2014-06-01,61 days
"Novelty, Knox County, MO",-1.6,2015-04-01,2015-05-01,30 days
"Novelty, Knox County, MO",-1.6,2017-02-01,2017-03-01,28 days
"Novelty, Knox County, MO",-1.6,2023-07-01,2023-12-01,153 days
"Novelty, Knox County, MO",-1.6,2024-02-01,2024-03-01,29 days
"Portageville, Pemiscot County, MO",-1.6,2000-12-01,2001-02-01,62 days
"Portageville, Pemiscot County, MO",-1.6,2001-05-01,2001-06-01,31 days
"Portageville, Pemiscot County, MO",-1.6,2001-08-01,2001-10-01,61 days
"Portageville, Pemiscot County, MO",-1.6,2005-12-01,2006-01-01,31 days
"Portageville, Pemiscot County, MO",-1.6,2006-02-01,2006-05-01,89 days
"Portageville, Pemiscot County, MO",-1.6,2007-06-01,2007-09-01,92 days
"Portageville, Pemiscot County, MO",-1.6,2010-11-01,2011-02-01,92 days
"Portageville, Pemiscot County, MO",-1.6,2012-06-01,2012-11-01,153 days
"Portageville, Pemiscot County, MO",-1.6,2024-04-01,2024-05-01,30 days
"St. Joseph, Buchanan County, MO",-1.6,2002-03-01,2002-04-01,31 days
"St. Joseph, Buchanan County, MO",-1.6,2002-08-01,2002-09-01,31 days
"St. Joseph, Buchanan County, MO",-1.6,2002-11-01,2003-04-01,151 days
"St. Joseph, Buchanan County, MO",-1.6,2011-03-01,2011-04-01,31 days
"St. Joseph, Buchanan County, MO",-1.6,2012-08-01,2013-02-01,184 days
"St. Joseph, Buchanan County, MO",-1.6,2018-04-01,2018-08-01,122 days
