location,SPI,start_date,end_date,duration
"Albany, Gentry County, MO",-1.6,2000-12-01,2001-01-01,31 days
"Albany, Gentry County, MO",-1.6,2002-09-01,2003-06-01,273 days
"Albany, Gentry County, MO",-1.6,2003-08-01,2003-12-01,122 days
"Albany, Gentry County, MO",-1.6,2013-03-01,2013-05-01,61 days
"Albany, Gentry County, MO",-1.6,2014-05-01,2014-06-01,31 days
"Albany, Gentry County, MO",-1.6,2018-06-01,2018-09-01,92 days
"Auxvasse, Audrain County, MO",-1.6,2006-01-01,2006-03-01,59 days
"Auxvasse, Audrain County, MO",-1.6,2012-12-01,2013-01-01,31 days
"Auxvasse, Audrain County, MO",-1.6,2014-05-01,2014-06-01,31 days
"Auxvasse, Audrain County, MO",-1.6,2018-07-01,2018-08-01,31 days
"Auxvasse, Audrain County, MO",-1.6,2023-06-01,2023-08-01,61 days
"Auxvasse, Audrain County, MO",-1.6,2023-10-01,2024-01-01,92 days
"Auxvasse, Audrain County, MO",-1.6,2024-02-01,2024-04-01,60 days
"Brunswick, Carroll County, MO",-1.6,2012-12-01,2013-01-01,31 days
"Brunswick, Carroll County, MO",-1.6,2013-03-01,2013-04-01,31 days
"Brunswick, Carroll County, MO",-1.6,2014-04-01,2014-07-01,91 days
"Brunswick, Carroll County, MO",-1.6,2018-06-01,2018-08-01,61 days
"Brunswick, Carroll County, MO",-1.6,2022-06-01,2022-07-01,30 days
"Brunswick, Carroll County, MO",-1.6,2022-08-01,2023-01-01,153 days
"Brunswick, Carroll County, MO",-1.6,2023-04-01,2023-05-01,30 days
"Brunswick, Carroll County, MO",-1.6,2023-06-01,2023-08-01,61 days
"Brunswick, Carroll County, MO",-1.6,2024-01-01,2024-04-01,91 days
"Cardwell, Dunklin County, MO",-1.6,2001-05-01,2001-11-01,184 days
"Cardwell, Dunklin County, MO",-1.6,2006-02-01,2006-10-01,242 days
"Cardwell, Dunklin County, MO",-1.6,2010-10-01,2010-11-01,31 days
"Cardwell, Dunklin County, MO",-1.6,2010-12-01,2011-03-01,90 days
"Cardwell, Dunklin County, MO",-1.6,2012-12-01,2013-01-01,31 days
"Charleston, Mississippi County, MO",-1.6,2001-04-01,2001-11-01,214 days
"Charleston, Mississippi County, MO",-1.6,2004-07-01,2004-12-01,153 days
"Charleston, Mississippi County, MO",-1.6,2006-01-01,2006-03-01,59 days
"Charleston, Mississippi County, MO",-1.6,2006-04-01,2006-05-01,30 days
"Charleston, Mississippi County, MO",-1.6,2010-10-01,2010-11-01,31 days
"Charleston, Mississippi County, MO",-1.6,2011-01-01,2011-02-01,31 days
"Charleston, Mississippi County, MO",-1.6,2012-12-01,2013-04-01,121 days
"Clarkton, Dunklin County, MO",-1.6,2001-05-01,2001-10-01,153 days
"Clarkton, Dunklin County, MO",-1.6,2004-09-01,2004-10-01,30 days
"Clarkton, Dunklin County, MO",-1.6,2005-12-01,2006-03-01,90 days
"Clarkton, Dunklin County, MO",-1.6,2006-04-01,2006-05-01,30 days
"Clarkton, Dunklin County, MO",-1.6,2008-01-01,2008-03-01,60 days
"Clarkton, Dunklin County, MO",-1.6,2009-04-01,2009-05-01,30 days
"Clarkton, Dunklin County, MO",-1.6,2010-10-01,2010-11-01,31 days
"Clarkton, Dunklin County, MO",-1.6,2010-12-01,2011-04-01,121 days
"Clarkton, Dunklin County, MO",-1.6,2012-11-01,2013-01-01,61 days
"Clarkton, Dunklin County, MO",-1.6,2013-03-01,2013-04-01,31 days
"Columbia-Sanborn Field, Boone County, MO",-1.6,2012-12-01,2013-01-01,31 days
"Columbia-Sanborn Field, Boone County, MO",-1.6,2013-03-01,2013-05-01,61 days
"Columbia-Sanborn Field, Boone County, MO",-1.6,2014-05-01,2014-06-01,31 days
"Columbia-Sanborn Field, Boone County, MO",-1.6,2018-07-01,2018-09-01,62 days
"Columbia-Sanborn Field, Boone County, MO",-1.6,2023-04-01,2023-08-01,122 days
"Columbia-Sanborn Field, Boone County, MO",-1.6,2023-10-01,2024-05-01,213 days
"Columbia-South Farms, Boone County, MO",-1.6,2012-12-01,2013-01-01,31 days
"Columbia-South Farms, Boone County, MO",-1.6,2013-02-01,2013-05-01,89 days
"Columbia-South Farms, Boone County, MO",-1.6,2014-05-01,2014-06-01,31 days
"Columbia-South Farms, Boone County, MO",-1.6,2018-07-01,2018-10-01,92 days
"Columbia-South Farms, Boone County, MO",-1.6,2023-04-01,2023-08-01,122 days
"Columbia-South Farms, Boone County, MO",-1.6,2024-02-01,2024-04-01,60 days
"Cook Station, Crawford County, MO",-1.6,2000-12-01,2001-05-01,151 days
"Cook Station, Crawford County, MO",-1.6,2012-05-01,2012-09-01,123 days
"Cook Station, Crawford County, MO",-1.6,2012-12-01,2013-01-01,31 days
"Cook Station, Crawford County, MO",-1.6,2014-08-01,2015-05-01,273 days
"Corning, Atchison County, MO",-1.6,2002-09-01,2002-10-01,30 days
"Corning, Atchison County, MO",-1.6,2003-02-01,2003-03-01,28 days
"Corning, Atchison County, MO",-1.6,2003-10-01,2003-11-01,31 days
"Corning, Atchison County, MO",-1.6,2005-03-01,2005-04-01,31 days
"Corning, Atchison County, MO",-1.6,2014-04-01,2014-07-01,91 days
"Corning, Atchison County, MO",-1.6,2018-04-01,2018-08-01,122 days
"Delta, Cape Girardeau County, MO",-1.6,2001-03-01,2001-10-01,214 days
"Delta, Cape Girardeau County, MO",-1.6,2004-09-01,2004-10-01,30 days
"Delta, Cape Girardeau County, MO",-1.6,2009-07-01,2009-08-01,31 days
"Delta, Cape Girardeau County, MO",-1.6,2011-01-01,2011-02-01,31 days
"Delta, Cape Girardeau County, MO",-1.6,2012-12-01,2013-04-01,121 days
"Glennonville, Dunklin County, MO",-1.6,2001-05-01,2001-10-01,153 days
"Glennonville, Dunklin County, MO",-1.6,2004-09-01,2004-10-01,30 days
"Glennonville, Dunklin County, MO",-1.6,2006-02-01,2006-03-01,28 days
"Glennonville, Dunklin County, MO",-1.6,2006-04-01,2006-05-01,30 days
"Glennonville, Dunklin County, MO",-1.6,2010-10-01,2010-11-01,31 days
"Glennonville, Dunklin County, MO",-1.6,2010-12-01,2011-04-01,121 days
"Glennonville, Dunklin County, MO",-1.6,2012-12-01,2013-01-01,31 days
"Glennonville, Dunklin County, MO",-1.6,2013-03-01,2013-04-01,31 days
"Hayward, Pemiscot County, MO",-1.6,2001-05-01,2001-11-01,184 days
"Hayward, Pemiscot County, MO",-1.6,2005-11-01,2006-07-01,242 days
"Hayward, Pemiscot County, MO",-1.6,2006-08-01,2006-09-01,31 days
"Hayward, Pemiscot County, MO",-1.6,2010-10-01,2011-04-01,182 days
"Hayward, Pemiscot County, MO",-1.6,2012-12-01,2013-01-01,31 days
"Hayward, Pemiscot County, MO",-1.6,2013-03-01,2013-04-01,31 days
"Lamar, Barton County, MO",-1.6,2003-05-01,2003-08-01,92 days
"Lamar, Barton County, MO",-1.6,2006-01-01,2006-05-01,120 days
"Lamar, Barton County, MO",-1.6,2006-08-01,2006-12-01,122 days
"Lamar, Barton County, MO",-1.6,2014-05-01,2015-04-01,335 days
"Lamar, Barton County, MO",-1.6,2023-05-01,2023-08-01,92 days
"Linneus, Linn County, MO",-1.6,2003-08-01,2003-09-01,31 days
"Linneus, Linn County, MO",-1.6,2006-02-01,2006-03-01,28 days
"Linneus, Linn County, MO",-1.6,2011-10-01,2011-11-01,31 days
"Linneus, Linn County, MO",-1.6,2014-04-01,2014-08-01,122 days
"Linneus, Linn County, MO",-1.6,2018-06-01,2018-09-01,92 days
"Monroe City, Monroe County, MO",-1.6,2006-01-01,2006-05-01,120 days
"Monroe City, Monroe County, MO",-1.6,2011-09-01,2011-12-01,91 days
"Monroe City, Monroe County, MO",-1.6,2012-05-01,2012-07-01,61 days
"Monroe City, Monroe County, MO",-1.6,2012-12-01,2013-01-01,31 days
"Monroe City, Monroe County, MO",-1.6,2023-11-01,2023-12-01,30 days
"Monroe City, Monroe County, MO",-1.6,2024-02-01,2024-04-01,60 days
"Novelty, Knox County, MO",-1.6,2003-05-01,2003-06-01,31 days
"Novelty, Knox County, MO",-1.6,2014-05-01,2014-06-01,31 days
"Novelty, Knox County, MO",-1.6,2023-06-01,2023-08-01,61 days
"Novelty, Knox County, MO",-1.6,2023-09-01,2023-10-01,30 days
"Novelty, Knox County, MO",-1.6,2023-11-01,2024-05-01,182 days
"Portageville, Pemiscot County, MO",-1.6,2001-05-01,2001-10-01,153 days
"Portageville, Pemiscot County, MO",-1.6,2005-11-01,2006-09-01,304 days
"Portageville, Pemiscot County, MO",-1.6,2010-10-01,2010-11-01,31 days
"Portageville, Pemiscot County, MO",-1.6,2012-11-01,2013-04-01,151 days
"St. Joseph, Buchanan County, MO",-1.6,2002-09-01,2003-04-01,212 days
"St. Joseph, Buchanan County, MO",-1.6,2003-05-01,2003-07-01,61 days
"St. Joseph, Buchanan County, MO",-1.6,2012-12-01,2013-05-01,151 days
"St. Joseph, Buchanan County, MO",-1.6,2013-06-01,2013-07-01,30 days
"St. Joseph, Buchanan County, MO",-1.6,2013-08-01,2013-09-01,31 days
"St. Joseph, Buchanan County, MO",-1.6,2018-03-01,2018-08-01,153 days
