location,SPI,start_date,end_date,duration
"Albany, Gentry County, MO",-1.6,7,8,1
"Albany, Gentry County, MO",-1.6,26,27,1
"Albany, Gentry County, MO",-1.6,34,36,2
"Albany, Gentry County, MO",-1.6,37,39,2
"Albany, Gentry County, MO",-1.6,47,48,1
"Albany, Gentry County, MO",-1.6,134,135,1
"Albany, Gentry County, MO",-1.6,152,155,3
"Albany, Gentry County, MO",-1.6,172,173,1
"Albany, Gentry County, MO",-1.6,183,184,1
"Albany, Gentry County, MO",-1.6,219,224,5
"Auxvasse, Audrain County, MO",-1.6,66,68,2
"Auxvasse, Audrain County, MO",-1.6,153,154,1
"Auxvasse, Audrain County, MO",-1.6,170,171,1
"Auxvasse, Audrain County, MO",-1.6,183,184,1
"Auxvasse, Audrain County, MO",-1.6,197,198,1
"Auxvasse, Audrain County, MO",-1.6,206,207,1
"Auxvasse, Audrain County, MO",-1.6,216,217,1
"Auxvasse, Audrain County, MO",-1.6,280,285,5
"Brunswick, Carroll County, MO",-1.6,37,39,2
"Brunswick, Carroll County, MO",-1.6,134,135,1
"Brunswick, Carroll County, MO",-1.6,151,152,1
"Brunswick, Carroll County, MO",-1.6,153,155,2
"Brunswick, Carroll County, MO",-1.6,166,169,3
"Brunswick, Carroll County, MO",-1.6,170,171,1
"Brunswick, Carroll County, MO",-1.6,172,173,1
"Brunswick, Carroll County, MO",-1.6,219,222,3
"Brunswick, Carroll County, MO",-1.6,264,266,2
"Brunswick, Carroll County, MO",-1.6,272,274,2
"Brunswick, Carroll County, MO",-1.6,281,286,5
"Cardwell, Dunklin County, MO",-1.6,11,13,2
"Cardwell, Dunklin County, MO",-1.6,16,17,1
"Cardwell, Dunklin County, MO",-1.6,19,21,2
"Cardwell, Dunklin County, MO",-1.6,69,70,1
"Cardwell, Dunklin County, MO",-1.6,73,77,4
"Cardwell, Dunklin County, MO",-1.6,90,92,2
"Cardwell, Dunklin County, MO",-1.6,106,107,1
"Cardwell, Dunklin County, MO",-1.6,125,126,1
"Cardwell, Dunklin County, MO",-1.6,129,130,1
"Cardwell, Dunklin County, MO",-1.6,132,133,1
"Cardwell, Dunklin County, MO",-1.6,149,152,3
"Cardwell, Dunklin County, MO",-1.6,216,217,1
"Cardwell, Dunklin County, MO",-1.6,274,275,1
"Charleston, Mississippi County, MO",-1.6,12,13,1
"Charleston, Mississippi County, MO",-1.6,15,18,3
"Charleston, Mississippi County, MO",-1.6,52,57,5
"Charleston, Mississippi County, MO",-1.6,73,74,1
"Charleston, Mississippi County, MO",-1.6,106,107,1
"Charleston, Mississippi County, MO",-1.6,149,153,4
"Charleston, Mississippi County, MO",-1.6,205,206,1
"Charleston, Mississippi County, MO",-1.6,215,217,2
"Charleston, Mississippi County, MO",-1.6,274,276,2
"Charleston, Mississippi County, MO",-1.6,291,292,1
"Clarkton, Dunklin County, MO",-1.6,16,17,1
"Clarkton, Dunklin County, MO",-1.6,19,20,1
"Clarkton, Dunklin County, MO",-1.6,64,65,1
"Clarkton, Dunklin County, MO",-1.6,73,74,1
"Clarkton, Dunklin County, MO",-1.6,90,93,3
"Clarkton, Dunklin County, MO",-1.6,129,133,4
"Clarkton, Dunklin County, MO",-1.6,149,153,4
"Clarkton, Dunklin County, MO",-1.6,291,292,1
"Columbia-Sanborn Field, Boone County, MO",-1.6,75,77,2
"Columbia-Sanborn Field, Boone County, MO",-1.6,152,156,4
"Columbia-Sanborn Field, Boone County, MO",-1.6,170,171,1
"Columbia-Sanborn Field, Boone County, MO",-1.6,197,198,1
"Columbia-Sanborn Field, Boone County, MO",-1.6,206,207,1
"Columbia-Sanborn Field, Boone County, MO",-1.6,219,220,1
"Columbia-Sanborn Field, Boone County, MO",-1.6,224,225,1
"Columbia-Sanborn Field, Boone County, MO",-1.6,274,275,1
"Columbia-Sanborn Field, Boone County, MO",-1.6,280,285,5
"Columbia-Sanborn Field, Boone County, MO",-1.6,289,290,1
"Columbia-South Farms, Boone County, MO",-1.6,66,67,1
"Columbia-South Farms, Boone County, MO",-1.6,152,156,4
"Columbia-South Farms, Boone County, MO",-1.6,166,167,1
"Columbia-South Farms, Boone County, MO",-1.6,168,171,3
"Columbia-South Farms, Boone County, MO",-1.6,183,184,1
"Columbia-South Farms, Boone County, MO",-1.6,197,198,1
"Columbia-South Farms, Boone County, MO",-1.6,206,207,1
"Columbia-South Farms, Boone County, MO",-1.6,219,221,2
"Columbia-South Farms, Boone County, MO",-1.6,223,225,2
"Columbia-South Farms, Boone County, MO",-1.6,280,282,2
"Cook Station, Crawford County, MO",-1.6,5,6,1
"Cook Station, Crawford County, MO",-1.6,8,9,1
"Cook Station, Crawford County, MO",-1.6,39,40,1
"Cook Station, Crawford County, MO",-1.6,148,153,5
"Cook Station, Crawford County, MO",-1.6,170,173,3
"Cook Station, Crawford County, MO",-1.6,174,180,6
"Cook Station, Crawford County, MO",-1.6,183,184,1
"Cook Station, Crawford County, MO",-1.6,205,207,2
"Cook Station, Crawford County, MO",-1.6,214,217,3
"Corning, Atchison County, MO",-1.6,29,32,3
"Corning, Atchison County, MO",-1.6,45,46,1
"Corning, Atchison County, MO",-1.6,58,61,3
"Corning, Atchison County, MO",-1.6,78,79,1
"Corning, Atchison County, MO",-1.6,134,135,1
"Corning, Atchison County, MO",-1.6,166,168,2
"Corning, Atchison County, MO",-1.6,170,173,3
"Corning, Atchison County, MO",-1.6,219,224,5
"Corning, Atchison County, MO",-1.6,275,276,1
"Delta, Cape Girardeau County, MO",-1.6,16,18,2
"Delta, Cape Girardeau County, MO",-1.6,91,93,2
"Delta, Cape Girardeau County, MO",-1.6,129,130,1
"Delta, Cape Girardeau County, MO",-1.6,132,133,1
"Delta, Cape Girardeau County, MO",-1.6,149,153,4
"Delta, Cape Girardeau County, MO",-1.6,214,217,3
"Delta, Cape Girardeau County, MO",-1.6,273,276,3
"Delta, Cape Girardeau County, MO",-1.6,289,292,3
"Glennonville, Dunklin County, MO",-1.6,16,17,1
"Glennonville, Dunklin County, MO",-1.6,19,21,2
"Glennonville, Dunklin County, MO",-1.6,52,53,1
"Glennonville, Dunklin County, MO",-1.6,74,77,3
"Glennonville, Dunklin County, MO",-1.6,91,92,1
"Glennonville, Dunklin County, MO",-1.6,110,111,1
"Glennonville, Dunklin County, MO",-1.6,129,134,5
"Glennonville, Dunklin County, MO",-1.6,149,153,4
"Hayward, Pemiscot County, MO",-1.6,16,18,2
"Hayward, Pemiscot County, MO",-1.6,19,21,2
"Hayward, Pemiscot County, MO",-1.6,73,76,3
"Hayward, Pemiscot County, MO",-1.6,89,92,3
"Hayward, Pemiscot County, MO",-1.6,129,133,4
"Hayward, Pemiscot County, MO",-1.6,149,153,4
"Hayward, Pemiscot County, MO",-1.6,180,181,1
"Hayward, Pemiscot County, MO",-1.6,205,206,1
"Hayward, Pemiscot County, MO",-1.6,291,292,1
"Lamar, Barton County, MO",-1.6,34,38,4
"Lamar, Barton County, MO",-1.6,71,72,1
"Lamar, Barton County, MO",-1.6,73,75,2
"Lamar, Barton County, MO",-1.6,82,83,1
"Lamar, Barton County, MO",-1.6,171,177,6
"Linneus, Linn County, MO",-1.6,37,40,3
"Linneus, Linn County, MO",-1.6,71,72,1
"Linneus, Linn County, MO",-1.6,134,135,1
"Linneus, Linn County, MO",-1.6,166,169,3
"Linneus, Linn County, MO",-1.6,172,173,1
"Linneus, Linn County, MO",-1.6,219,220,1
"Linneus, Linn County, MO",-1.6,222,224,2
"Linneus, Linn County, MO",-1.6,282,283,1
"Monroe City, Monroe County, MO",-1.6,36,38,2
"Monroe City, Monroe County, MO",-1.6,39,40,1
"Monroe City, Monroe County, MO",-1.6,53,54,1
"Monroe City, Monroe County, MO",-1.6,66,68,2
"Monroe City, Monroe County, MO",-1.6,134,136,2
"Monroe City, Monroe County, MO",-1.6,139,142,3
"Monroe City, Monroe County, MO",-1.6,149,150,1
"Monroe City, Monroe County, MO",-1.6,151,152,1
"Monroe City, Monroe County, MO",-1.6,183,184,1
"Monroe City, Monroe County, MO",-1.6,197,198,1
"Monroe City, Monroe County, MO",-1.6,286,287,1
"Monroe City, Monroe County, MO",-1.6,289,290,1
"Novelty, Knox County, MO",-1.6,36,39,3
"Novelty, Knox County, MO",-1.6,134,135,1
"Novelty, Knox County, MO",-1.6,171,173,2
"Novelty, Knox County, MO",-1.6,183,184,1
"Novelty, Knox County, MO",-1.6,205,206,1
"Novelty, Knox County, MO",-1.6,282,287,5
"Novelty, Knox County, MO",-1.6,289,290,1
"Portageville, Pemiscot County, MO",-1.6,11,13,2
"Portageville, Pemiscot County, MO",-1.6,16,17,1
"Portageville, Pemiscot County, MO",-1.6,19,21,2
"Portageville, Pemiscot County, MO",-1.6,71,72,1
"Portageville, Pemiscot County, MO",-1.6,73,76,3
"Portageville, Pemiscot County, MO",-1.6,89,92,3
"Portageville, Pemiscot County, MO",-1.6,130,133,3
"Portageville, Pemiscot County, MO",-1.6,149,154,5
"Portageville, Pemiscot County, MO",-1.6,291,292,1
"St. Joseph, Buchanan County, MO",-1.6,26,27,1
"St. Joseph, Buchanan County, MO",-1.6,31,32,1
"St. Joseph, Buchanan County, MO",-1.6,34,39,5
"St. Joseph, Buchanan County, MO",-1.6,134,135,1
"St. Joseph, Buchanan County, MO",-1.6,151,157,6
"St. Joseph, Buchanan County, MO",-1.6,219,223,4
